{
  "feature_names": [
    "pair",
    "direction",
    "confidence_bucket",
    "raw_confidence_bucket",
    "score_margin_bucket",
    "range_competition",
    "utc_session_bucket",
    "primary_driver_family",
    "primary_against_driver_family",
    "technical_regime",
    "technical_atr_band",
    "technical_spread_band",
    "technical_range_location_24h",
    "technical_structure_alignment",
    "technical_situation",
    "technical_selected_method",
    "technical_family_direction_alignment"
  ],
  "forward_learning_rank_enabled": true,
  "minimum_replay_samples": 30,
  "model": {
    "direct_count": 2192,
    "intercept": 0.000912408822,
    "inverse_count": 2190,
    "logit_scale": 0.233781931913,
    "weights": {
      "confidence_bucket=0.50-0.65": 0.002411515317,
      "confidence_bucket=0.65-0.75": 0.043106138541,
      "confidence_bucket=0.75-0.90": 0.058681350327,
      "confidence_bucket=<0.50": -0.013190884822,
      "confidence_bucket=>=0.90": -0.020713374172,
      "direction=DOWN": -0.022609096378,
      "direction=UP": 0.019444944301,
      "pair=AUD_CAD": -0.092468906842,
      "pair=AUD_CHF": 0.039372185822,
      "pair=AUD_JPY": -0.055817470912,
      "pair=AUD_NZD": 0.347404980952,
      "pair=AUD_USD": -0.04012242647,
      "pair=CAD_CHF": 0.063636807821,
      "pair=CAD_JPY": -0.000901713316,
      "pair=CHF_JPY": -0.045853101179,
      "pair=EUR_AUD": 0.340401450575,
      "pair=EUR_CAD": 0.080223831496,
      "pair=EUR_CHF": -0.195962295888,
      "pair=EUR_GBP": 0.141272775464,
      "pair=EUR_JPY": -0.157353890132,
      "pair=EUR_NZD": 0.184240719819,
      "pair=EUR_USD": -0.039516549444,
      "pair=GBP_AUD": -0.191255441808,
      "pair=GBP_CAD": 0.188854821965,
      "pair=GBP_CHF": 0.075084193662,
      "pair=GBP_JPY": -0.185472989844,
      "pair=GBP_NZD": -0.177832421475,
      "pair=GBP_USD": -0.048154598167,
      "pair=NZD_CAD": -0.078459947662,
      "pair=NZD_JPY": -0.157247783707,
      "pair=NZD_USD": -0.110600630573,
      "pair=USD_CAD": 0.098470760497,
      "pair=USD_CHF": 0.203398750196,
      "pair=USD_JPY": 0.038838615333,
      "primary_against_driver_family=MISSING": 0.0,
      "primary_driver_family=DIVERGENCE": -0.114667150633,
      "primary_driver_family=EXTREME_REVERSAL": 0.121591760259,
      "primary_driver_family=HVN_MAGNET": 0.692238915284,
      "primary_driver_family=LIQUIDITY_SWEEP_FADE": -0.052868004207,
      "primary_driver_family=MARKET_LOCATION": -0.000908265276,
      "primary_driver_family=MISSING": -0.329412332248,
      "primary_driver_family=MOMENTUM": -0.009797212693,
      "primary_driver_family=OTHER": -0.005727551712,
      "primary_driver_family=RANGE_BREAKOUT_CONFIRMED": 0.275345111352,
      "primary_driver_family=RANGE_BREAKOUT_PENDING": -0.051233349163,
      "primary_driver_family=WICK_TRAP_FADE": -0.276011555521,
      "range_competition=DIRECTIONAL_MARGIN_DOMINATES": 0.001636194987,
      "range_competition=MISSING": -0.329415644063,
      "range_competition=RANGE_COMPETES_WITH_DIRECTIONAL_MARGIN": 0.018136617879,
      "raw_confidence_bucket=0.50-0.65": 0.02888129053,
      "raw_confidence_bucket=0.65-0.75": 0.09225491023,
      "raw_confidence_bucket=0.75-0.90": -0.083602048179,
      "raw_confidence_bucket=<0.50": -0.036469634371,
      "raw_confidence_bucket=>=0.90": -0.297176148477,
      "raw_confidence_bucket=MISSING": -0.329414399306,
      "score_margin_bucket=10-20": 0.032240630226,
      "score_margin_bucket=>=20": 0.001970269284,
      "score_margin_bucket=MISSING": -0.329415644063,
      "technical_atr_band=MISSING": 0.0,
      "technical_family_direction_alignment=MISSING": 0.0,
      "technical_range_location_24h=MISSING": 0.0,
      "technical_regime=MISSING": 0.0,
      "technical_selected_method=MISSING": 0.0,
      "technical_situation=MISSING": 0.0,
      "technical_spread_band=MISSING": 0.0,
      "technical_structure_alignment=MISSING": 0.0,
      "utc_session_bucket=UTC_00_08": 0.062297102077,
      "utc_session_bucket=UTC_08_13": -0.102768631982,
      "utc_session_bucket=UTC_13_17": 0.04904018353,
      "utc_session_bucket=UTC_17_22": -0.030159176002,
      "utc_session_bucket=UTC_22_24": -0.040651075525
    }
  },
  "model_sha256": "7189cd4570ef8e2d540e7fd4843485c67ccb035fb00cfa58c2ac509e980e2e43",
  "ordinary_forecast_correction_enabled": false,
  "schema": "QR_FORECAST_ORIENTATION_NB_V1",
  "selection": "predict DIRECT when posterior>=0.5, otherwise INVERSE; never NO_TRADE",
  "source": "S5 OANDA bid/ask chronological independent forecast replay",
  "status": "RANK_ONLY",
  "technical_feature_training_status": "MISSING_IN_LEGACY_FORECAST_HISTORY",
  "training_feature_coverage": {
    "confidence_bucket": 1.0,
    "direction": 1.0,
    "pair": 1.0,
    "primary_against_driver_family": 0.0,
    "primary_driver_family": 0.990644,
    "range_competition": 0.990644,
    "raw_confidence_bucket": 0.990644,
    "score_margin_bucket": 0.990644,
    "technical_atr_band": 0.0,
    "technical_family_direction_alignment": 0.0,
    "technical_range_location_24h": 0.0,
    "technical_regime": 0.0,
    "technical_selected_method": 0.0,
    "technical_situation": 0.0,
    "technical_spread_band": 0.0,
    "technical_structure_alignment": 0.0,
    "utc_session_bucket": 1.0
  },
  "training_from_utc": "2026-05-14T15:38:45.845569+00:00",
  "training_metrics": {
    "direct_avg_final_pips": -3.346828,
    "direct_hit_rate": 0.30283,
    "inverse_avg_final_pips": -2.839229,
    "inverse_hit_rate": 0.315381,
    "inversion_rate": 0.502967,
    "n": 4382,
    "orientation_accuracy": 0.534003,
    "selected_avg_final_pips": -2.644957,
    "selected_hit_rate": 0.328845,
    "selected_total_final_pips": -11590.2
  },
  "training_provenance": {
    "forecast_from_utc_inclusive": "2026-05-10T00:00:00+00:00",
    "forecast_rows_sha256": "6b8d503f19bad24bbf837f28814b2f6f4a443b2a69b3e40f71c908aa54264571",
    "forecast_to_utc_exclusive": "2026-07-09T00:00:00+00:00",
    "granularity": "S5",
    "replay_evaluator_sha256": "b67ed093155cada6de877e53866477599a94f8fcc208c7aa6074084086b339c3",
    "truth_candles_sha256": "4e2cde56b432a9176f6c1533b4e0cd8902d5f75b1d29b5cc6aefef750eeccd88"
  },
  "training_to_utc_exclusive": "2026-06-11T04:12:57.218926+00:00",
  "validation_feature_coverage": {
    "confidence_bucket": 1.0,
    "direction": 1.0,
    "pair": 1.0,
    "primary_against_driver_family": 0.0,
    "primary_driver_family": 1.0,
    "range_competition": 1.0,
    "raw_confidence_bucket": 1.0,
    "score_margin_bucket": 1.0,
    "technical_atr_band": 0.0,
    "technical_family_direction_alignment": 0.0,
    "technical_range_location_24h": 0.0,
    "technical_regime": 0.0,
    "technical_selected_method": 0.0,
    "technical_situation": 0.0,
    "technical_spread_band": 0.0,
    "technical_structure_alignment": 0.0,
    "utc_session_bucket": 1.0
  },
  "validation_from_utc": "2026-06-11T04:12:57.218926+00:00",
  "validation_metrics": {
    "direct_avg_final_pips": -3.212606,
    "direct_hit_rate": 0.317206,
    "inverse_avg_final_pips": -3.076457,
    "inverse_hit_rate": 0.34276,
    "inversion_rate": 0.53356,
    "n": 2935,
    "orientation_accuracy": 0.513118,
    "selected_avg_final_pips": -3.047121,
    "selected_hit_rate": 0.339353,
    "selected_total_final_pips": -8943.3
  },
  "validation_to_utc": "2026-07-08T23:49:43.010534+00:00"
}
