{
  "feature_names": [
    "pair",
    "direction",
    "confidence_bucket",
    "raw_confidence_bucket",
    "score_margin_bucket",
    "range_competition",
    "horizon_bucket",
    "utc_session_bucket",
    "primary_driver_family",
    "primary_against_driver_family",
    "technical_regime",
    "technical_atr_band",
    "technical_spread_band",
    "technical_range_location_24h",
    "technical_structure_alignment",
    "technical_situation",
    "technical_selected_method",
    "technical_family_direction_alignment"
  ],
  "forward_learning_rank_enabled": true,
  "minimum_replay_samples": 30,
  "model": {
    "direct_count": 2163,
    "intercept": -0.006907694978,
    "inverse_count": 2178,
    "logit_scale": 0.174211063835,
    "weights": {
      "confidence_bucket=0.50-0.65": 0.000194801421,
      "confidence_bucket=0.65-0.75": 0.050911879407,
      "confidence_bucket=0.75-0.90": 0.066487091193,
      "confidence_bucket=<0.50": -0.014664713393,
      "confidence_bucket=>=0.90": -0.012907633306,
      "direction=DOWN": -0.022948447803,
      "direction=UP": 0.019752657824,
      "horizon_bucket=31-60M": -0.001104355165,
      "horizon_bucket=61-240M": 0.006901338641,
      "horizon_bucket=>240M": 1.105513627309,
      "pair=AUD_CAD": -0.084741228455,
      "pair=AUD_CHF": 0.047099864208,
      "pair=AUD_JPY": -0.048089792526,
      "pair=AUD_NZD": 0.360105320008,
      "pair=AUD_USD": -0.032394748083,
      "pair=CAD_CHF": 0.072208724333,
      "pair=CAD_JPY": -0.008678221466,
      "pair=CHF_JPY": -0.073216742603,
      "pair=EUR_AUD": 0.348129128961,
      "pair=EUR_CAD": 0.089064063307,
      "pair=EUR_CHF": -0.19099977826,
      "pair=EUR_GBP": 0.112186480728,
      "pair=EUR_JPY": -0.143834309817,
      "pair=EUR_NZD": 0.148796226341,
      "pair=EUR_USD": -0.031788871057,
      "pair=GBP_AUD": -0.183527763421,
      "pair=GBP_CAD": 0.199197857718,
      "pair=GBP_CHF": 0.083787006207,
      "pair=GBP_JPY": -0.180051408259,
      "pair=GBP_NZD": -0.219701684228,
      "pair=GBP_USD": -0.048524130013,
      "pair=NZD_CAD": -0.070732269275,
      "pair=NZD_JPY": -0.165024291856,
      "pair=NZD_USD": -0.132286837392,
      "pair=USD_CAD": 0.107630664192,
      "pair=USD_CHF": 0.202570542196,
      "pair=USD_JPY": 0.047099864208,
      "primary_against_driver_family=MISSING": 0.0,
      "primary_driver_family=DIVERGENCE": -0.108193299943,
      "primary_driver_family=EXTREME_REVERSAL": 0.12793044388,
      "primary_driver_family=HVN_MAGNET": 0.700023210402,
      "primary_driver_family=LIQUIDITY_SWEEP_FADE": -0.032344683312,
      "primary_driver_family=MARKET_LOCATION": 0.006876029842,
      "primary_driver_family=MISSING": -0.32162803713,
      "primary_driver_family=MOMENTUM": -0.002012917576,
      "primary_driver_family=OTHER": -0.01260510573,
      "primary_driver_family=RANGE_BREAKOUT_CONFIRMED": 0.28312940647,
      "primary_driver_family=RANGE_BREAKOUT_PENDING": -0.037575732729,
      "primary_driver_family=WICK_TRAP_FADE": -0.272295352942,
      "range_competition=DIRECTIONAL_MARGIN_DOMINATES": 0.001762581187,
      "range_competition=MISSING": -0.321602728331,
      "range_competition=RANGE_COMPETES_WITH_DIRECTIONAL_MARGIN": 0.016610152768,
      "raw_confidence_bucket=0.50-0.65": 0.02766100457,
      "raw_confidence_bucket=0.65-0.75": 0.093903203028,
      "raw_confidence_bucket=0.75-0.90": -0.081563594524,
      "raw_confidence_bucket=<0.50": -0.036625918185,
      "raw_confidence_bucket=>=0.90": -0.289373990105,
      "raw_confidence_bucket=MISSING": -0.321612240934,
      "score_margin_bucket=10-20": 0.029374194493,
      "score_margin_bucket=>=20": 0.002054019406,
      "score_margin_bucket=MISSING": -0.321602728331,
      "technical_atr_band=HIGH": 0.009046393395,
      "technical_atr_band=LOW": -0.020608480933,
      "technical_atr_band=MISSING": 0.07216316623,
      "technical_atr_band=NORMAL": -0.034140022508,
      "technical_family_direction_alignment=ALIGNED": 0.014608303283,
      "technical_family_direction_alignment=CONTRADICTED": 0.001044489605,
      "technical_family_direction_alignment=MISSING": 0.07216316623,
      "technical_family_direction_alignment=NON_DIRECTIONAL": -0.073989494282,
      "technical_range_location_24h=LOWER": -0.031866378594,
      "technical_range_location_24h=MIDDLE": -0.012868875884,
      "technical_range_location_24h=MISSING": 0.07216316623,
      "technical_range_location_24h=UPPER": -0.012874342411,
      "technical_regime=MISSING": 0.072159995363,
      "technical_regime=RANGE": -0.027591182081,
      "technical_regime=TRANSITION": -0.033651100404,
      "technical_regime=TREND_STRONG": -0.060244308847,
      "technical_regime=TREND_WEAK": 0.015235325907,
      "technical_selected_method=BREAKOUT_FAILURE": 0.00689499399,
      "technical_selected_method=MISSING": 0.072159995363,
      "technical_selected_method=NONE": -0.071066547479,
      "technical_selected_method=RANGE_ROTATION": 0.036600148404,
      "technical_selected_method=TREND_CONTINUATION": -0.03014627769,
      "technical_situation=ASIA_RANGE": 0.032857826026,
      "technical_situation=ASIA_TREND": -0.100748324569,
      "technical_situation=LONDON_IMPULSE": 0.016638514568,
      "technical_situation=LONDON_TREND": 0.060949560893,
      "technical_situation=MISSING": 0.072147340996,
      "technical_situation=NY_OVERLAP": 0.006882339623,
      "technical_situation=NY_TREND": 0.003404075247,
      "technical_situation=ROLLOVER_SWING": -0.094774829048,
      "technical_situation=TRANSITION": 0.093893716613,
      "technical_spread_band=MISSING": 0.07216316623,
      "technical_spread_band=NORMAL": -0.039839312995,
      "technical_spread_band=TIGHT": 0.006898164857,
      "technical_spread_band=WIDE": -0.00612527503,
      "technical_structure_alignment=ALIGNED": -0.058374684506,
      "technical_structure_alignment=MISSING": 0.037756780978,
      "technical_structure_alignment=OPPOSED": -0.012728517404,
      "utc_session_bucket=UTC_00_08": 0.047890133693,
      "utc_session_bucket=UTC_08_13": -0.094962891116,
      "utc_session_bucket=UTC_13_17": 0.056845924396,
      "utc_session_bucket=UTC_17_22": -0.022353435136,
      "utc_session_bucket=UTC_22_24": -0.032845334659
    }
  },
  "model_sha256": "48410034465543bcc132ced4176ed3af7df680079b12feb8bc383f2a409abc3c",
  "ordinary_forecast_correction_enabled": false,
  "schema": "QR_FORECAST_ORIENTATION_NB_V1",
  "selection": "predict DIRECT when posterior>=0.5, otherwise INVERSE; never NO_TRADE",
  "source": "S5 OANDA bid/ask chronological independent forecast replay",
  "status": "RANK_ONLY",
  "technical_feature_training_status": "AVAILABLE",
  "training_feature_coverage": {
    "confidence_bucket": 1.0,
    "direction": 1.0,
    "horizon_bucket": 1.0,
    "pair": 1.0,
    "primary_against_driver_family": 0.0,
    "primary_driver_family": 0.990555,
    "range_competition": 0.990555,
    "raw_confidence_bucket": 0.990555,
    "score_margin_bucket": 0.990555,
    "technical_atr_band": 0.795669,
    "technical_family_direction_alignment": 0.795669,
    "technical_range_location_24h": 0.795669,
    "technical_regime": 0.795669,
    "technical_selected_method": 0.795669,
    "technical_situation": 0.795669,
    "technical_spread_band": 0.795669,
    "technical_structure_alignment": 0.492744,
    "utc_session_bucket": 1.0
  },
  "training_from_utc": "2026-05-14T15:38:45.845569+00:00",
  "training_metrics": {
    "direct_avg_final_pips": -3.376595,
    "direct_hit_rate": 0.302465,
    "inverse_avg_final_pips": -2.806128,
    "inverse_hit_rate": 0.316978,
    "inversion_rate": 0.58627,
    "n": 4341,
    "orientation_accuracy": 0.530753,
    "selected_avg_final_pips": -2.769224,
    "selected_hit_rate": 0.329187,
    "selected_total_final_pips": -12021.2
  },
  "training_provenance": {
    "forecast_from_utc_inclusive": "2026-05-10T00:00:00+00:00",
    "forecast_history_file_sha256": "5c22a7cac180841ff69756517e143d72710b658526afcef9ea992f7adec33bd1",